customer_id,first_name,last_name,email,city,country,registration_date
1,Michael,Frank,zalvarez@example.net,North Manuelstad,Slovenia,2022-05-09
2,Kimberly,Duncan,lisaweaver@example.com,Richardville,United States of America,2025-01-21
3,David,Figueroa,matthewbailey@example.org,South Michaeltown,Antigua and Barbuda,2023-09-28
4,Connie,Bates,whunter@example.com,Lake Cynthiaport,Marshall Islands,2026-05-14
5,Jean,Vargas,kathleenmartin@example.com,Leahview,Finland,2022-02-20
6,Anthony,Jackson,boydanna@example.org,North Christineton,Pitcairn Islands,2022-03-27
7,Andrea,Brown,stephen15@example.com,Jonesmouth,Panama,2024-06-14
8,Frank,Duke,wpowell@example.com,Port Chelsea,Brunei Darussalam,2022-06-30
9,Crystal,Smith,jeffery25@example.com,East Nancy,Uruguay,2026-01-04
10,Kerry,Chapman,abigail43@example.com,Lake Marissa,Norway,2021-12-25
11,Patricia,Rogers,lori04@example.com,New Tina,Belize,2025-03-02
12,David,Mcgee,katelyn04@example.com,South Elizabethberg,Guam,2025-07-19
13,Phillip,Martin,erikchavez@example.net,North Janiceborough,Mayotte,2026-01-04
14,Alexa,Oneill,marydiaz@example.com,Thompsonchester,Anguilla,2022-05-12
15,Kathleen,Cameron,jeremy95@example.net,North Gregoryberg,Tanzania,2026-01-10
16,Jeffrey,Matthews,donaldjohnson@example.net,New Jennaberg,Macao,2025-10-16
17,April,Sullivan,vazquezmichael@example.net,Port Christopher,Barbados,2021-12-31
18,Bruce,Adams,wellsbrandon@example.net,Lake Zacharyside,Afghanistan,2022-07-14
19,Erin,Adams,lauracarter@example.net,Richardsmouth,Guinea,2023-11-01
20,William,Fuller,ryansantos@example.org,Sonyaland,Indonesia,2023-03-19
21,John,Mora,thomas76@example.org,Kaisermouth,British Virgin Islands,2023-05-07
22,Michele,Lee,debra08@example.net,Brownstad,Wallis and Futuna,2025-08-11
23,Sherry,Hernandez,julia26@example.com,Theresatown,Bangladesh,2023-01-16
24,Franklin,Kelly,hannah28@example.org,East Lydiafurt,Belize,2022-10-06
25,Holly,Stanton,jhaley@example.org,Krystalberg,Korea,2026-06-17
26,Justin,Graham,samantharobbins@example.com,South Andrew,Dominica,2026-03-23
27,Nicole,Morgan,deananthony@example.org,West David,Equatorial Guinea,2023-01-28
28,David,Mercer,iadams@example.net,Ortizton,Andorra,2023-12-31
29,Pamela,Hunt,tamarabarr@example.com,Lake James,Belarus,2021-09-23
30,Melissa,Russo,thompsonrobert@example.net,Clintonbury,Saint Pierre and Miquelon,2026-02-13
31,Tamara,Mclean,aguilarcharles@example.com,Lake Stephanieburgh,French Polynesia,2024-11-04
32,Michael,Weeks,loganlee@example.com,Sanfordland,Myanmar,2022-10-22
33,Elizabeth,Olson,ashley65@example.com,Danielleton,Zimbabwe,2022-03-28
34,Matthew,Davis,iadams@example.com,East Johntown,Senegal,2026-06-14
35,Sally,Graves,chambersrobert@example.com,Johnsonborough,Nigeria,2026-05-08
36,Michael,Hall,gholt@example.net,South Michaelfort,Puerto Rico,2025-09-24
37,Alex,Wagner,tiffanymullins@example.org,West Brianafort,Northern Mariana Islands,2024-08-14
38,Stephanie,Taylor,carol18@example.org,Markland,Marshall Islands,2025-10-31
39,Joshua,Bell,ipark@example.com,Davisborough,Barbados,2026-04-11
40,Tonya,Espinoza,xgentry@example.org,Port Reneeside,United Arab Emirates,2024-06-19
41,Sara,Gutierrez,browndavid@example.org,Smithview,Palau,2024-01-08
42,Erica,Hill,xwright@example.org,Youngton,Central African Republic,2025-09-24
43,Theresa,Lopez,joeladams@example.com,Rhodesmouth,Iceland,2023-02-03
44,Christine,Smith,mitchell27@example.com,Michaelview,Colombia,2022-07-04
45,Alexandra,Gilbert,mike98@example.org,Port Lindsey,Saint Pierre and Miquelon,2024-10-26
46,John,Brown,floydkevin@example.org,Cookburgh,Gibraltar,2024-03-27
47,Andrea,Blair,ymarquez@example.net,Garzaberg,Iraq,2023-08-22
48,Donald,Chandler,chapmanjessica@example.net,Lake Jack,Jamaica,2021-10-17
49,Jerome,Hill,erin96@example.org,Edwardsshire,Rwanda,2023-12-08
50,Shane,Torres,brian60@example.com,North Oscar,Bermuda,2025-11-24
51,Jamie,Cooke,johnsondana@example.org,Smithtown,Brunei Darussalam,2023-09-08
52,James,Rose,gpark@example.org,Gonzalezside,Norway,2024-12-09
53,Connie,Farley,tinawiley@example.net,Lake Benjaminview,Poland,2023-07-02
54,Chad,Everett,zwilson@example.com,Ortizport,India,2023-03-06
55,Courtney,White,eroach@example.com,Karistad,Cocos (Keeling) Islands,2021-12-11
56,Sarah,Santiago,rogerskaren@example.com,Lake Jamesmouth,Kyrgyz Republic,2024-09-11
57,Sarah,Robinson,tammyvang@example.com,Lake Lisa,Antarctica (the territory South of 60 deg S),2023-07-02
58,Selena,Munoz,uthompson@example.net,Lake Kevinshire,Lesotho,2021-10-26
59,Bobby,Walker,ologan@example.org,East Nancyville,Myanmar,2025-12-06
60,Benjamin,Hendrix,jessicawalter@example.com,Ronaldborough,Albania,2021-12-29
61,Michael,Thomas,davidpatterson@example.org,Lake Roy,Niue,2025-01-07
62,Michele,James,xsmith@example.com,New Lisamouth,Tonga,2025-05-09
63,Rebecca,King,mbernard@example.org,Taylorfurt,Sierra Leone,2021-08-11
64,Adam,Roberts,cmartinez@example.com,Rushville,Haiti,2021-08-24
65,Jesse,Maxwell,xdominguez@example.net,North Patricia,Brunei Darussalam,2026-05-03
66,Sandra,Miller,williamskelly@example.org,Ortizmouth,Poland,2023-06-18
67,Arthur,Smith,jon87@example.com,Joshuafurt,Saint Lucia,2025-07-12
68,Jennifer,Ward,reeveskristin@example.com,New Jasonfurt,Tanzania,2026-02-07
69,Taylor,Parsons,yramos@example.com,Kaylaland,Azerbaijan,2021-08-27
70,Ronnie,Burnett,tchavez@example.com,New Tammyville,French Southern Territories,2023-08-18
71,Robert,Parker,megan97@example.net,Williamsberg,Malawi,2022-08-20
72,Emily,Brewer,janetglover@example.net,Lake Amberton,Svalbard & Jan Mayen Islands,2024-10-01
73,Betty,Velazquez,bullockthomas@example.org,North Michael,Russian Federation,2022-04-23
74,Olivia,Reyes,zmccall@example.net,Lake Lisastad,Israel,2025-06-15
75,Roger,Harris,kerrygriffin@example.org,Brendahaven,Central African Republic,2023-01-24
76,Timothy,Lam,jessemunoz@example.net,Monicaville,Antarctica (the territory South of 60 deg S),2026-02-06
77,Craig,Allen,woodsnicole@example.org,Port Ashley,India,2023-08-24
78,Shelby,Pierce,nholloway@example.org,East Miguelview,Norfolk Island,2022-08-24
79,Rachel,Williamson,ericreyes@example.org,Lunaland,El Salvador,2026-06-21
80,Lorraine,Hudson,genglish@example.com,Perezmouth,Israel,2026-02-06
81,Stephen,Valdez,leonardkelly@example.net,Lake Jerryberg,Falkland Islands (Malvinas),2022-12-26
82,Ellen,Odom,lori21@example.net,West Timothychester,Northern Mariana Islands,2022-05-28
83,Tracy,Becker,conwayjanet@example.com,Lake Richardbury,Mozambique,2024-12-15
84,Vanessa,Hicks,sharonwallace@example.com,Jordantown,Malta,2022-02-25
85,Jeffrey,Figueroa,jackmyers@example.com,New David,Lesotho,2025-09-13
86,Jennifer,Graham,james09@example.net,Lindsayfurt,Lithuania,2023-11-25
87,Kyle,Bauer,arnoldtravis@example.org,West Michele,Estonia,2022-09-04
88,Jeffrey,Cruz,lisalambert@example.org,Jamesfurt,Armenia,2021-08-23
89,Tanya,Harper,lisaortega@example.net,East Joseph,Bahamas,2023-05-24
90,Kelly,Jacobson,michelle48@example.net,Port Jamesland,Brazil,2022-09-10
91,Grace,Brown,todd62@example.org,Dianastad,French Polynesia,2023-01-21
92,Pamela,Oliver,debra03@example.net,Johnsonfort,Christmas Island,2024-11-04
93,Dawn,Branch,ashley19@example.net,Mcdanielport,Estonia,2025-02-18
94,Brenda,Taylor,ibarraamanda@example.org,Burkeside,Timor-Leste,2025-05-04
95,Stephanie,Taylor,sarah26@example.com,Port Mariahmouth,Brunei Darussalam,2022-08-14
96,Ronald,Green,craig81@example.org,East Tammyview,Chad,2024-09-25
97,Julie,Turner,danielle51@example.net,Millsshire,Greece,2025-05-16
98,Robert,Johnson,williamsjason@example.net,Ronaldshire,Uganda,2022-12-16
99,Jessica,Miller,ashley36@example.org,Davismouth,Saint Barthelemy,2022-06-21
100,Timothy,Cortez,allison90@example.net,Lake Shane,Korea,2023-10-14
101,Patrick,Sullivan,mmoore@example.com,Port Jeffery,Senegal,2021-12-22
102,Alexandra,Larson,rachel76@example.net,Melindaberg,Palestinian Territory,2021-11-16
103,Christine,Pruitt,denisejacobson@example.org,Kevinborough,Switzerland,2021-07-03
104,Tanya,Taylor,garciasusan@example.net,Port Sarafurt,Brazil,2022-01-07
105,Austin,Griffin,hillallison@example.org,North Troymouth,Guyana,2026-04-06
106,Thomas,Rose,jdrake@example.com,Lake Matthewborough,Mozambique,2023-07-16
107,Victor,Bradley,felicia49@example.com,Oliverland,American Samoa,2022-12-30
108,Jesus,Holmes,steve30@example.com,Williamschester,Falkland Islands (Malvinas),2025-03-20
109,Eugene,Harper,marissa98@example.net,North Jonathan,Ecuador,2022-03-27
110,Angela,Braun,kelseykey@example.com,South Trevorfort,Martinique,2026-04-20
111,Phillip,Little,anne47@example.com,Westfort,Madagascar,2024-05-06
112,Seth,Thomas,christine93@example.org,New Aliciaport,Belize,2023-11-03
113,Michael,Vazquez,thompsonlarry@example.net,West Theresa,Holy See (Vatican City State),2025-06-14
114,Todd,Jacobs,brendasnyder@example.net,Lake Rachelmouth,Gambia,2022-09-12
115,Gregory,Gonzalez,ryan67@example.org,Brownshire,United Kingdom,2023-08-11
116,Kristen,Greene,williamscynthia@example.net,Taratown,Congo,2024-06-21
117,Ruben,Saunders,nsmith@example.com,Smithland,Belarus,2021-11-05
118,Cristina,Tyler,alejandrojackson@example.org,Smithmouth,Timor-Leste,2025-05-15
119,Andrew,Jones,monicacross@example.org,Rickfurt,Cook Islands,2022-03-14
120,David,Pitts,imorris@example.org,Port Matthew,Marshall Islands,2023-01-06
121,Kara,Bradford,ltaylor@example.com,Johnstonbury,Senegal,2025-07-13
122,Timothy,Mcmillan,amandadaniels@example.com,Brandonmouth,Tunisia,2021-08-24
123,Kelly,Davis,norriskaren@example.org,Larryland,Chile,2024-06-22
124,Maria,Reynolds,christopher14@example.net,South Charles,Sweden,2023-07-20
125,Gregory,Maldonado,archeramber@example.com,North Ricky,Saint Kitts and Nevis,2025-11-07
126,Kristen,Matthews,timothy43@example.com,Andreatown,Fiji,2023-06-09
127,Michael,Johnson,karensanchez@example.com,East Kathy,Nauru,2024-05-05
128,Jessica,Reynolds,charles17@example.net,East Danieltown,Ukraine,2024-06-04
129,Crystal,Porter,htodd@example.com,Lopezville,Nepal,2025-12-11
130,Brian,Martin,amypeterson@example.com,Jeffreytown,Guinea,2024-08-03
131,Tyler,Barnett,alexandrabrooks@example.com,Brianside,French Polynesia,2024-03-26
132,Gregory,Bell,janetwilliams@example.com,West Kelly,French Southern Territories,2023-05-02
133,Jesse,Dorsey,ggriffith@example.com,East Jeremiahfort,Belgium,2024-02-06
134,Donna,Lozano,hwilliams@example.net,Lake Tashatown,Saudi Arabia,2022-04-06
135,Christian,Bradford,vpeterson@example.org,Christopherland,Thailand,2026-03-20
136,Carrie,Alexander,marissamercer@example.com,South Joshua,Honduras,2021-08-26
137,Elizabeth,Welch,craigklein@example.com,South Nicholas,United Arab Emirates,2025-04-20
138,Maria,Oliver,lukecox@example.com,Reyesside,Marshall Islands,2024-02-12
139,Jon,Ho,john55@example.org,Williamville,Christmas Island,2023-11-19
140,Jake,Carr,jessekramer@example.org,Michaelside,Western Sahara,2023-01-05
141,Andrew,Gonzalez,zmason@example.org,Danaview,Nauru,2024-10-16
142,Abigail,Mcclure,stantonhannah@example.net,Mckenzieburgh,Philippines,2021-11-26
143,Margaret,Kim,fryeronald@example.com,Melissaburgh,Taiwan,2026-03-29
144,Marcus,Doyle,rshea@example.net,Rodriguezbury,Myanmar,2022-01-01
145,Harry,Barry,angela45@example.com,Weaverview,United Arab Emirates,2023-07-10
146,Monique,Brown,cynthia54@example.net,Clarkview,Rwanda,2026-03-07
147,John,White,latoya11@example.com,North Rebecca,Benin,2021-09-01
148,Deborah,Rodriguez,leeblankenship@example.com,Lake Kristychester,Palau,2023-04-19
149,Michelle,Lyons,rclark@example.net,Port Kyle,Hong Kong,2024-06-03
150,Brittany,Allison,nhuff@example.com,Turnerhaven,Burkina Faso,2021-09-13
151,Lori,Daniels,iphillips@example.com,Lake Mark,Finland,2026-04-08
152,Aaron,Smith,jennifervance@example.org,Port Jerryhaven,Lebanon,2023-04-23
153,Tara,Sullivan,melissa81@example.org,West Lisaport,Senegal,2021-08-10
154,Justin,Wolf,fcontreras@example.com,Nelsonburgh,Jamaica,2023-11-26
155,Dustin,Johnson,james04@example.net,Jamesport,Namibia,2021-12-21
156,James,Nguyen,walkerstephen@example.net,Beckermouth,Solomon Islands,2023-12-09
157,Kimberly,Washington,james77@example.com,Lake Kristina,Guadeloupe,2026-01-11
158,Jessica,Day,becky28@example.org,Kingfort,Dominica,2025-08-27
159,Elizabeth,Macias,chavezryan@example.com,New Mariaside,Macao,2026-05-25
160,Lisa,Ramirez,anthony10@example.net,East Kelsey,Slovakia (Slovak Republic),2023-12-13
161,Michael,Reyes,angela44@example.com,Scottborough,Colombia,2026-06-07
162,Kim,Russell,deborahsmith@example.com,Ashleyside,Christmas Island,2024-08-13
163,Jonathan,Edwards,bradleymoran@example.com,New Jimville,Costa Rica,2022-08-16
164,Ricky,Watson,hjohnston@example.com,East Matthewton,Mayotte,2022-02-24
165,Wendy,Smith,victoria00@example.net,New Randallmouth,Burkina Faso,2024-09-28
166,Lindsay,Kennedy,michael23@example.org,Stewartland,Lesotho,2022-05-30
167,Tracey,Knight,michaelthomas@example.net,North Briannaton,British Virgin Islands,2024-06-10
168,Garrett,Obrien,timothybrown@example.net,Kimfort,Guernsey,2021-09-07
169,Helen,Escobar,rpowell@example.net,Morrowland,Cape Verde,2022-11-13
170,William,Davis,ibradley@example.net,Hintonberg,Solomon Islands,2025-10-09
171,Erin,James,matthewnorton@example.org,Anthonyville,Bolivia,2021-09-24
172,Monica,Anthony,ngalloway@example.org,South Danielton,Guinea-Bissau,2025-02-02
173,Kyle,Lyons,muellerkaren@example.net,South Ethanview,Colombia,2023-07-16
174,Jose,Le,tylertucker@example.org,Jaclynview,Tanzania,2025-02-20
175,Stacey,Pope,wintersjeffrey@example.org,New Jamesmouth,Vanuatu,2022-07-13
176,Christopher,Simmons,robertramirez@example.org,West David,Guam,2022-08-20
177,Eileen,Richardson,uspencer@example.org,New Gregorymouth,Togo,2024-05-09
178,Carrie,Cook,larrymiller@example.com,North Ryan,Nauru,2023-06-08
179,Steven,Huang,nicolejordan@example.com,Carolynport,Malta,2025-02-25
180,Jason,Gomez,phillip42@example.net,Kellyland,Croatia,2024-01-01
181,Mark,Harris,michaelsanders@example.org,South Patrick,Korea,2024-07-02
182,Chad,Rodriguez,stephanie49@example.net,New Edward,North Macedonia,2025-01-29
183,Nicolas,Hodges,christine27@example.net,Farrellberg,Latvia,2024-02-13
184,Linda,Faulkner,gonzalesphilip@example.org,West Jessica,Nauru,2021-07-18
185,Cory,Williams,simmonsjeremy@example.org,Lake Ann,Estonia,2024-08-19
186,Tiffany,Harding,uperez@example.com,New Robert,Vanuatu,2024-07-31
187,Melinda,Little,sbrown@example.org,North Robert,Moldova,2021-10-10
188,Charles,Lewis,gonzalezcody@example.com,New Markland,Zimbabwe,2025-09-04
189,Karen,Mann,diane38@example.com,Lindabury,Iraq,2023-07-18
190,Martin,Williams,williambrady@example.org,Philliptown,French Southern Territories,2023-12-18
191,Sharon,Kennedy,pfloyd@example.com,Williamsborough,Honduras,2022-09-24
192,Melanie,Farmer,joshua11@example.org,South John,Mali,2022-01-18
193,Jason,Gay,barreraandrew@example.org,Victoriashire,Senegal,2022-12-11
194,James,Foster,johnathan90@example.net,South Chasetown,Costa Rica,2023-01-05
195,Shannon,Barber,dcollins@example.com,Brianside,Greenland,2025-03-19
196,Michael,Carey,hgriffith@example.com,North James,Lesotho,2025-06-01
197,Angel,Torres,owilliamson@example.net,Fieldsview,Malta,2021-10-24
198,Christina,Hancock,normanjose@example.com,Cartermouth,Mali,2021-08-26
199,Robert,Davis,benjaminhughes@example.net,Millsbury,Mongolia,2021-09-03
200,Charles,Hall,trodriguez@example.org,South Carla,Guatemala,2023-03-01
201,Thomas,Hill,usingh@example.net,New Ashley,Iran,2023-11-05
202,Marissa,King,gonzalezstephen@example.org,Guerrerohaven,Congo,2022-11-16
203,Joshua,Martinez,kevinwilson@example.com,East Jaimeborough,Guinea,2026-06-18
204,Nicole,Mathis,raguilar@example.org,South Sarah,Zambia,2024-09-27
205,Annette,Rogers,epowell@example.com,South Kellyside,Uzbekistan,2022-05-15
206,Ann,Bradley,thomasreynolds@example.com,Mckinneychester,Australia,2025-01-31
207,Chase,Johnson,johnsonjulie@example.net,Reynoldstown,Cape Verde,2026-03-04
208,Rachel,Thompson,melanie49@example.org,West Donna,Colombia,2021-10-31
209,Carolyn,Cook,shellyflores@example.net,East Douglas,French Southern Territories,2024-08-03
210,Caleb,Bennett,nathan71@example.com,Rebeccafort,Switzerland,2024-01-05
211,John,Bryant,laura82@example.org,East Kariview,Taiwan,2021-08-18
212,James,Burke,kathleen61@example.net,Murphyburgh,Finland,2024-02-13
213,Kenneth,Jones,heatherwilliams@example.net,Virginialand,Armenia,2025-12-29
214,Sandra,Watkins,hernandezscott@example.com,East Shawn,Antarctica (the territory South of 60 deg S),2025-07-20
215,Antonio,Day,ustrickland@example.org,Brownshire,British Indian Ocean Territory (Chagos Archipelago),2024-06-28
216,Kim,Kelley,trevor39@example.com,Malonetown,Montenegro,2024-08-07
217,Beth,Jones,ricky31@example.org,Port Elizabethchester,Jamaica,2026-01-16
218,Alex,Clark,richardashley@example.org,Martinezshire,Lesotho,2025-06-22
219,Maria,Browning,matthewsoto@example.net,Davidbury,Latvia,2022-04-23
220,Elizabeth,Carroll,danderson@example.net,Franciscoville,Tanzania,2022-03-10
221,Jason,Moses,sullivanvalerie@example.org,Simmonsview,Argentina,2024-05-04
222,Dorothy,Walker,valerierodriguez@example.org,Wellstown,Afghanistan,2023-11-25
223,Stephanie,Campbell,sarashah@example.org,Hallfort,Nicaragua,2021-10-12
224,Karen,Gomez,eparsons@example.org,Jasonhaven,Croatia,2023-11-16
225,Jorge,Saunders,nataliemiller@example.net,Jamestown,Turks and Caicos Islands,2022-08-04
226,Scott,Terry,josephmanning@example.net,Lake Brenda,Lesotho,2024-04-26
227,Derek,Smith,youngdiana@example.net,Calebborough,Lithuania,2025-11-26
228,Debbie,Kent,heather35@example.org,Lake Christinebury,Chad,2024-10-26
229,Joseph,Grant,benjaminbrown@example.net,East Davidbury,Benin,2022-05-13
230,Michael,Martin,edgar91@example.com,West Douglas,Myanmar,2024-10-13
231,Jeff,Walker,michael98@example.org,East Kimberlyberg,Sudan,2025-11-05
232,Todd,Gray,velezmatthew@example.org,Crossfort,United States Minor Outlying Islands,2026-03-12
233,Corey,Walker,michaelwright@example.net,Port Valerie,Romania,2025-04-23
234,Kelsey,Miller,bradley29@example.net,New Patrick,Saint Helena,2024-05-03
235,Joseph,Adkins,jennifer60@example.net,South Marcusmouth,Montenegro,2021-10-20
236,Lisa,Allen,woodnicole@example.net,Patriciaville,Gabon,2023-07-30
237,Becky,Rivera,colleen43@example.com,Blairmouth,Peru,2023-06-05
238,Kathryn,Thomas,hortonsteven@example.net,Michaelside,Chile,2025-10-29
239,Heather,Obrien,fcooper@example.com,Daniellehaven,Pitcairn Islands,2024-07-28
240,Nicholas,Evans,danielle89@example.net,Collinsville,Haiti,2023-04-24
241,Kyle,Nelson,michaelmorris@example.com,Mallorytown,Botswana,2022-07-12
242,Melvin,Mayo,cgomez@example.com,North Kyleberg,Saudi Arabia,2022-12-31
243,Michael,Jones,mccallstephanie@example.org,Port Jeremybury,Ireland,2021-12-18
244,Shannon,Williams,eric65@example.com,Brittanyburgh,Liechtenstein,2022-04-02
245,Steven,Simmons,richardbaker@example.com,Tomburgh,Kenya,2024-10-15
246,Daniel,Shaw,frank53@example.com,Seanberg,Togo,2026-03-02
247,Thomas,Hawkins,ameyer@example.com,Reedton,French Polynesia,2023-09-15
248,John,Stewart,johnrobinson@example.net,North Joan,British Virgin Islands,2024-07-25
249,Leslie,Sweeney,catherine25@example.net,New Jessica,Uruguay,2024-07-01
250,Donald,White,bduncan@example.net,Parkerfurt,Peru,2024-01-14
251,Robert,Welch,elizabethmoore@example.org,New Johntown,Georgia,2025-02-07
252,Philip,Fitzgerald,jared92@example.net,New Jonathan,Andorra,2022-02-21
253,Natasha,Ray,joshuadavis@example.org,Lake Laurenmouth,Afghanistan,2023-03-29
254,Isabella,Roberts,mortonmark@example.org,South Paulton,Senegal,2024-08-24
255,Alexis,Navarro,juliesmith@example.net,South Charlesborough,Egypt,2021-07-03
256,Jessica,Smith,steincassandra@example.com,Jessicastad,North Macedonia,2025-01-28
257,William,Harris,phillipmoore@example.org,Port Katrina,Iraq,2024-02-17
258,Lisa,Fox,esparzaashley@example.net,North Brittany,Dominica,2026-04-17
259,Rhonda,Patterson,kle@example.org,Martinfurt,Saudi Arabia,2023-06-16
260,Andrew,Ortiz,zlewis@example.org,Port Kellyfurt,United Kingdom,2024-11-26
261,Cory,Santiago,jamesrangel@example.com,Phillipport,Svalbard & Jan Mayen Islands,2025-08-19
262,Johnathan,Burke,amiller@example.net,East Sarah,Ireland,2023-08-19
263,Patricia,Valdez,sarajimenez@example.net,Lauramouth,Guatemala,2021-11-18
264,Cindy,Molina,roymarshall@example.com,Randyport,Chad,2023-09-16
265,William,Phillips,anna73@example.net,Port Kathy,Iceland,2023-07-28
266,James,Gonzalez,gibbslatoya@example.net,West Jenniferview,Mayotte,2021-10-29
267,Alyssa,Gordon,angelagregory@example.com,Lake Maria,Lithuania,2021-09-15
268,Jonathan,Brooks,christopher85@example.com,Phyllisside,Seychelles,2024-03-08
269,Ross,Montes,julie65@example.com,Hodgeborough,Heard Island and McDonald Islands,2025-12-07
270,Andrea,Hall,abarrett@example.com,Michaelland,Samoa,2024-08-17
271,David,Gonzalez,kevinrodriguez@example.org,Cooperview,Iraq,2022-05-31
272,Randy,Johnson,elopez@example.net,Monicaberg,Burkina Faso,2026-03-10
273,Jonathan,Brown,cstafford@example.com,Lynchview,Serbia,2022-11-05
274,Stephen,Williams,julia28@example.com,Chaveztown,Malta,2024-09-15
275,Lori,Reyes,brittanydavies@example.org,New Angelahaven,Uzbekistan,2021-08-12
276,Jacob,Lee,briana79@example.net,Andradeside,Mongolia,2022-02-11
277,Gary,Moran,lleonard@example.com,Port Catherinefurt,El Salvador,2023-02-25
278,David,Ramirez,jacquelineadams@example.com,Thompsonborough,Armenia,2021-09-18
279,Andrew,Grant,kyle55@example.com,New Ashleyfort,Belgium,2022-04-17
280,Gregory,Gibbs,zcooke@example.org,New Mark,Turks and Caicos Islands,2026-06-23
281,Mary,Stanley,markholmes@example.com,West Angelaton,Togo,2025-11-10
282,Jennifer,Smith,millssusan@example.com,Christinahaven,Congo,2024-10-13
283,Brittany,Turner,imonroe@example.org,North Brianville,Barbados,2025-02-25
284,Seth,Ward,ewalker@example.com,Leebury,Tokelau,2024-07-20
285,Shawna,Brown,nicholas23@example.org,Port Sophia,Greece,2023-08-13
286,Jessica,Jimenez,fstevenson@example.com,Port Ravenberg,Kazakhstan,2025-05-13
287,Amanda,Garrison,curtisphyllis@example.net,New Dianaview,New Zealand,2021-10-12
288,Rachel,Banks,nsimmons@example.com,Lake David,Macao,2024-07-14
289,Edward,Chen,jgordon@example.net,New Donaldview,Sweden,2021-08-11
290,Jill,Maldonado,williamhebert@example.com,Smithstad,Nepal,2023-12-09
291,Shelia,Ortega,thomasdylan@example.org,Fieldschester,Russian Federation,2026-02-21
292,Steve,Cherry,edominguez@example.net,Port Williamhaven,Saint Kitts and Nevis,2026-03-16
293,David,Owen,franksmith@example.org,New Anthonyton,Zimbabwe,2022-08-20
294,Cynthia,Miller,scott94@example.com,Williamsville,Guatemala,2021-08-04
295,Richard,Scott,bobby50@example.org,South Brandonfort,Netherlands Antilles,2023-03-28
296,Jason,Smith,martinluis@example.org,Brianchester,Gabon,2026-04-18
297,Christopher,Smith,danielsantos@example.com,North Joshuahaven,Montserrat,2021-10-29
298,Joshua,Wheeler,chentammy@example.org,Warrenshire,Malta,2023-12-13
299,Justin,Crawford,kimtodd@example.com,Brianfurt,Barbados,2026-06-03
300,Ryan,Huff,stephanie36@example.org,West Sarafort,British Indian Ocean Territory (Chagos Archipelago),2025-02-02
301,Matthew,Murillo,danielbenton@example.org,New Rebeccachester,Turks and Caicos Islands,2024-09-21
302,Hunter,Gonzales,thomasstephen@example.com,Adamhaven,India,2025-10-15
303,Jackson,Lewis,melinda61@example.com,Byrdton,Haiti,2023-07-06
304,Douglas,Stephens,tylersampson@example.net,Sandratown,Kyrgyz Republic,2026-04-19
305,Thomas,Waters,jacobkim@example.org,Lake Shirleytown,Portugal,2024-11-17
306,Trevor,Rhodes,larsenstephanie@example.com,Millermouth,Guam,2024-01-03
307,Tiffany,Garcia,dawn60@example.net,Andrechester,Swaziland,2024-02-10
308,John,Smith,jmiller@example.net,Ericside,Latvia,2025-11-05
309,Kristopher,Nelson,seanalvarez@example.net,Port Shelby,British Indian Ocean Territory (Chagos Archipelago),2022-02-09
310,Pamela,Thomas,cgonzalez@example.net,Carterview,China,2022-11-05
311,Bernard,Camacho,christopher75@example.net,Jacksontown,Japan,2023-03-16
312,Melinda,Taylor,danielle45@example.net,Granttown,Sweden,2022-04-30
313,Renee,Harvey,brett09@example.org,Ruthhaven,Grenada,2023-08-17
314,Christopher,Ferguson,daniel33@example.net,Masseyberg,Taiwan,2024-11-12
315,Regina,Porter,jessicayang@example.org,Hayesbury,Anguilla,2022-02-21
316,Kim,Martin,hollandjoseph@example.com,East Gregory,Colombia,2024-12-07
317,Ashley,Hawkins,gary07@example.com,Heatherstad,Falkland Islands (Malvinas),2026-01-18
318,Christine,Brown,kimberlymolina@example.org,South Michael,Yemen,2023-10-12
319,Philip,Sellers,hancocknancy@example.org,North Jeffreyshire,Northern Mariana Islands,2025-05-21
320,Kenneth,Bray,royfisher@example.com,North Haley,Trinidad and Tobago,2024-12-23
321,Judy,Brown,gcook@example.org,Christymouth,Jamaica,2023-11-19
322,Jaclyn,Brown,daniel86@example.net,Sandrafort,Marshall Islands,2025-06-01
323,Jason,Bernard,jonathanhill@example.net,North Justin,Falkland Islands (Malvinas),2021-08-27
324,Heather,Terrell,athomas@example.org,South Samuelburgh,Canada,2022-02-05
325,Tammy,Sherman,vsmith@example.net,Lake Christinaton,Mauritania,2025-02-24
326,Christopher,Sullivan,wjackson@example.com,South Michael,Zambia,2023-05-29
327,Courtney,Wells,hsanchez@example.com,South Alan,Pakistan,2021-07-31
328,Lindsay,Smith,cohenmelissa@example.com,Johnsonton,Saint Helena,2025-07-25
329,Kelly,Flores,baileylawrence@example.com,Gallowayland,Liberia,2023-09-05
330,Gregory,Cortez,shaffercasey@example.net,Markfort,Bhutan,2025-08-24
331,Denise,Brown,armstrongbrenda@example.net,North Mark,Myanmar,2025-10-30
332,Christopher,Hubbard,kimberly66@example.org,West Kevinfort,Albania,2024-10-31
333,Robert,Williams,mfrost@example.net,Reynoldsfurt,Palestinian Territory,2025-02-03
334,Patricia,Perez,baileymichael@example.net,Jonathantown,Botswana,2023-03-25
335,Carmen,Rios,ashleybaker@example.org,Lake Brandonshire,Panama,2024-01-31
336,Patricia,Jones,alexandra39@example.com,New Michael,Puerto Rico,2024-10-11
337,Sonia,Smith,egonzalez@example.org,South Carlosfurt,Azerbaijan,2023-11-27
338,Susan,Wood,mccarthykayla@example.com,Watsonville,Lesotho,2022-12-24
339,Erika,Duffy,davischloe@example.net,New Jenniferview,Switzerland,2023-05-31
340,Andrew,Schmidt,ewilliams@example.org,East Laura,Greece,2023-03-10
341,Kenneth,Garcia,cynthia26@example.org,Edwardsshire,Solomon Islands,2022-11-23
342,Taylor,Michael,david28@example.com,New Annette,Myanmar,2022-07-15
343,Michelle,Snyder,aimee69@example.net,Lake Jennifer,Cape Verde,2021-11-03
344,Alex,Edwards,gordonwilliams@example.org,Simmonsfurt,Honduras,2026-06-22
345,Brenda,Reyes,rickyhobbs@example.org,Lake Brent,Norway,2022-01-28
346,Ashley,Rodriguez,francisco99@example.com,Schroederborough,Iceland,2023-11-23
347,Garrett,Murphy,jmartin@example.com,Lake Mia,Saint Barthelemy,2025-04-27
348,Raymond,Kelly,rodriguezkelly@example.org,Nicholasmouth,Uzbekistan,2025-07-28
349,Marc,Adams,debra64@example.org,Mistytown,Belize,2024-12-04
350,Christina,Sanchez,nancycastaneda@example.org,East Eileenburgh,Tajikistan,2026-02-23
351,Nathaniel,Cooper,tdalton@example.org,Crystaltown,Tokelau,2023-01-13
352,Meagan,Curtis,woodsjoshua@example.com,Lake Jonathanland,Syrian Arab Republic,2026-01-20
353,Christian,Porter,timothy97@example.net,Brittneytown,Korea,2026-05-16
354,Steven,Mullen,amandarusso@example.com,Isaacfort,Martinique,2026-02-23
355,Jason,Jackson,kimberly22@example.net,Paulhaven,Mali,2023-11-26
356,Sandra,Gonzalez,ngraves@example.com,Haleyhaven,Uzbekistan,2022-07-26
357,Adrian,Clark,arusso@example.org,South Douglasville,Anguilla,2023-04-30
358,Diana,Smith,carpentersamuel@example.com,East Samuel,Peru,2021-12-12
359,Martin,Hunter,emullins@example.com,Richardchester,Tanzania,2025-06-05
360,Corey,Humphrey,jimmy63@example.com,Cartermouth,Mauritius,2022-09-15
361,Samantha,Ryan,mitchellvanessa@example.com,Donnashire,Paraguay,2024-08-11
362,Joel,Roberts,ashley33@example.net,West Kyle,Central African Republic,2022-06-11
363,Jennifer,Oneal,alexis06@example.net,North Sarafort,Oman,2023-01-13
364,Crystal,Kelly,sanchezsamuel@example.net,Ricemouth,Lesotho,2023-08-16
365,Adam,Green,joseph15@example.com,Lake William,Senegal,2021-10-03
366,Daniel,Reed,montgomerynicole@example.org,Ashleystad,Georgia,2025-07-27
367,David,Stewart,millerbenjamin@example.com,New Laurenfort,Brazil,2023-02-15
368,Mark,Young,petersmark@example.com,West Sheilafort,Hong Kong,2024-01-25
369,Tracy,Casey,bradleylauren@example.net,Port Mark,Belgium,2025-09-22
370,Alexander,Russo,danielleyoung@example.net,Carterside,Cook Islands,2021-11-19
371,Kayla,Heath,bscott@example.com,Foxshire,Andorra,2023-11-04
372,David,Stevenson,dianaandrews@example.org,Patrickhaven,Tunisia,2022-07-30
373,Christopher,Peterson,shawn25@example.com,North Tiffanybury,Thailand,2024-10-11
374,Charles,Richardson,mark73@example.net,Brendaton,Philippines,2022-12-28
375,Brandon,Green,thomas39@example.com,Grahamstad,Turkmenistan,2025-11-25
376,Keith,Duarte,mfox@example.org,West Laura,Mauritius,2022-12-27
377,William,Mckee,williamspeter@example.com,Walkerview,Slovakia (Slovak Republic),2021-12-14
378,Charles,Allen,harrispreston@example.net,North Nathanside,Botswana,2026-03-14
379,Hannah,Navarro,sara33@example.net,Hansenville,Ireland,2021-08-07
380,Marcus,Johnson,katherinegonzalez@example.net,Vaughnchester,Saint Pierre and Miquelon,2025-12-25
381,Shawn,Campbell,george65@example.net,Lawrencefurt,Sierra Leone,2025-01-10
382,Patrick,Green,martinezwendy@example.org,Hansenport,Togo,2023-11-22
383,Jonathan,West,holderjames@example.org,New Jonathanmouth,Saint Pierre and Miquelon,2025-07-24
384,Kelsey,Edwards,douglas47@example.com,North Nancyshire,Brazil,2025-10-06
385,Devin,Jones,esmith@example.com,Lake Kennethtown,Colombia,2024-11-23
386,Christopher,Olson,sosamelissa@example.org,Gibbsmouth,Slovakia (Slovak Republic),2023-01-20
387,Brenda,Johnson,jordan44@example.com,North Justinborough,Nicaragua,2021-12-01
388,Tyler,Perez,garzajose@example.com,North Heatherburgh,Lesotho,2024-09-06
389,Megan,Rowe,allison60@example.net,East Dustin,Ghana,2024-08-08
390,David,Vaughn,amyreyes@example.org,New Victoria,Tonga,2024-05-31
391,Jeffrey,Clark,gabriela13@example.com,East Daniel,Dominica,2023-05-06
392,Lauren,Lee,luiswhite@example.net,North Maria,Latvia,2021-07-14
393,Janet,Cook,griffithwilliam@example.org,New Erica,British Indian Ocean Territory (Chagos Archipelago),2023-09-01
394,Emily,Taylor,ricemichelle@example.net,East Stephaniefurt,Zambia,2024-12-27
395,Katherine,Bowman,wilsonann@example.com,West Colleentown,Germany,2025-02-07
396,Darrell,Patel,michael39@example.org,East Jefferytown,Bermuda,2022-01-07
397,Keith,Gutierrez,olivia01@example.net,East Kimhaven,Sudan,2024-03-13
398,Jonathan,Gallagher,jamescummings@example.com,Cindymouth,Russian Federation,2024-12-30
399,Nicole,Fields,masoncourtney@example.com,Ochoafurt,Kyrgyz Republic,2022-10-21
400,Anthony,Ruiz,millerdaniel@example.org,Port Brenda,France,2023-07-30
401,Nathan,Hicks,wendy33@example.net,North Shelly,Equatorial Guinea,2024-03-31
402,Erin,Simon,john97@example.net,Gregfort,Senegal,2022-07-09
403,Richard,Rios,jacob30@example.org,Joshuafurt,Andorra,2026-04-06
404,Gabriel,White,fpark@example.net,Port Monicatown,Oman,2024-12-24
405,Krystal,Blair,jonesernest@example.org,Port Victoriaport,Netherlands,2021-06-30
406,Megan,Zuniga,cynthia58@example.net,New Brandonborough,Cambodia,2024-12-23
407,William,Ortiz,coxkelly@example.org,New Matthewmouth,Peru,2022-03-15
408,Kylie,Alexander,zroman@example.com,Barnesstad,Tanzania,2024-03-09
409,Michael,Garcia,barrettdouglas@example.net,Taylorborough,Fiji,2023-11-23
410,Bryan,Conway,cindy18@example.net,Stephanieside,Cyprus,2023-09-09
411,Donna,Reyes,ekennedy@example.com,New Davidside,Mauritania,2022-05-27
412,Nicholas,Burns,halexander@example.org,East Nancyside,Grenada,2022-03-27
413,Kevin,Hays,heathermccarthy@example.com,New Amanda,Zimbabwe,2023-06-08
414,Alison,Black,rjoyce@example.org,Lake Heather,Bhutan,2023-11-17
415,David,West,ricewanda@example.org,Lake Steveville,Palestinian Territory,2023-03-10
416,April,Brown,courtney59@example.net,Lake Josephberg,Svalbard & Jan Mayen Islands,2025-09-25
417,Janice,Patton,bgonzalez@example.org,New Emily,Indonesia,2022-12-12
418,Pamela,Garcia,brendagraves@example.net,Dennisfurt,Austria,2022-09-10
419,Courtney,Nunez,barberanthony@example.org,Victoriachester,Latvia,2023-09-25
420,Ronnie,Kelly,howardbrandon@example.com,Kerrybury,Faroe Islands,2022-01-10
421,Tristan,Horton,nmoore@example.org,Danielsview,Panama,2021-08-22
422,Mark,Thompson,dianabarker@example.org,North Danielbury,Ireland,2025-07-14
423,Raymond,Davenport,bbrown@example.org,Erinside,Samoa,2026-01-03
424,Jake,Wilson,cruzdavid@example.org,New Donaldmouth,Western Sahara,2024-12-23
425,Sally,Kennedy,evanschloe@example.org,Mclaughlinville,Pitcairn Islands,2022-08-20
426,Susan,Hammond,jamesdixon@example.com,Jayborough,Romania,2024-02-24
427,Bonnie,Rivera,angelaraymond@example.net,Thompsontown,United States of America,2025-10-02
428,Jay,Barrett,michelledavis@example.net,North Thomasstad,Serbia,2024-02-14
429,Joy,Davis,sherylcooper@example.net,East Paige,Colombia,2024-03-21
430,Donna,Hernandez,chanelijah@example.net,Ashleyside,Central African Republic,2022-05-03
431,Billy,Perry,stricklandcarla@example.com,Burkeberg,Luxembourg,2022-12-09
432,Michelle,Mckinney,uhart@example.net,Andrewmouth,France,2025-11-23
433,Richard,Morales,ryanmaxwell@example.com,North Jerome,Canada,2022-04-29
434,April,Diaz,lauren29@example.com,Greenfurt,Gabon,2021-11-17
435,Steven,Reed,glennpratt@example.org,North Alyssa,Cyprus,2021-12-14
436,Nicholas,Austin,gortiz@example.net,Hartside,Spain,2023-09-26
437,Crystal,Hernandez,hendersontrevor@example.net,Kimberlyfurt,Malaysia,2025-02-25
438,Amy,Barnes,ufrederick@example.com,Janetton,Palau,2025-01-27
439,Jonathan,Arnold,ljones@example.com,Kennedytown,Korea,2026-02-17
440,Jeffrey,Lopez,wmcdonald@example.net,Matthewfort,Burundi,2024-02-03
441,Meghan,Nelson,cindybrown@example.net,Cynthiafurt,Israel,2024-05-24
442,Jeffrey,Ramirez,jessica34@example.org,South Andrefort,Saudi Arabia,2024-01-11
443,Kyle,Henry,michelle55@example.com,Davisbury,Austria,2026-03-14
444,Bradley,Dunn,christiesmith@example.net,Faithborough,Western Sahara,2022-04-26
445,Drew,Turner,marygriffin@example.org,Jenniferville,Central African Republic,2023-08-15
446,Crystal,Marshall,david36@example.net,Jessicastad,Yemen,2022-11-07
447,George,Hanson,william99@example.org,Chambersport,Lithuania,2026-04-25
448,David,Warren,brycecain@example.org,East Josephhaven,France,2024-04-10
449,Adam,Mills,nicholashill@example.com,North Craig,Faroe Islands,2023-03-28
450,Danny,Foster,frankrichard@example.org,Julialand,Algeria,2025-07-30
451,Amanda,Barnes,jasmine62@example.com,Crystalshire,Honduras,2024-06-17
452,Austin,Steele,eric91@example.org,Melanieberg,Gabon,2026-01-29
453,Traci,Miles,katherineperez@example.net,Jameshaven,Lithuania,2024-12-24
454,Kylie,Campbell,bboyer@example.net,Travisshire,Norfolk Island,2024-11-13
455,David,Leon,tbarnes@example.com,Annettechester,Nepal,2025-09-11
456,Edward,Brown,taylorerika@example.com,Port Jamesfurt,Lithuania,2025-09-02
457,Allison,Fitzgerald,erica75@example.com,Charleston,Belgium,2026-02-07
458,Lisa,Johnson,garzakathleen@example.com,Andradeton,Algeria,2022-01-11
459,Edwin,Conner,dana00@example.org,Robertsonstad,Namibia,2023-11-26
460,Alicia,Lowery,robertsmelissa@example.org,North David,Lao People's Democratic Republic,2022-11-03
461,Michael,Tran,portermelissa@example.net,Lake Austinfurt,Liberia,2024-03-26
462,Hannah,George,qsingh@example.com,New Erin,Ghana,2022-07-15
463,Marcus,Smith,frencherika@example.com,Wolfview,Mauritania,2023-08-13
464,Hunter,Rodriguez,katherine67@example.net,North Tammy,Turkey,2024-06-29
465,Philip,Parrish,kbarnes@example.com,Port Tracyton,Tokelau,2021-11-16
466,Edward,Wood,meyersdonna@example.org,Michaelside,Grenada,2024-04-01
467,Michael,Sandoval,hannah00@example.org,Lake Williammouth,Tajikistan,2026-06-19
468,Rachel,Tate,warnervictoria@example.com,Richardsonfort,Kazakhstan,2025-02-07
469,Timothy,Davis,smithshane@example.com,Hillton,Italy,2022-05-04
470,Evan,Ball,christopherhanson@example.com,West Michaelborough,Saint Barthelemy,2022-10-22
471,Sandra,Levine,stephanielopez@example.org,West Lori,Congo,2024-08-07
472,Tommy,Thompson,abarnes@example.net,Lake Joshua,Sweden,2024-08-16
473,Brian,Wilson,parsonsjason@example.com,North Donna,Niger,2026-04-03
474,Jonathan,Young,wstewart@example.org,Fordmouth,Uzbekistan,2022-07-11
475,Ashley,Baxter,sherrybradley@example.net,South Ericfurt,Liechtenstein,2022-02-12
476,Jason,Bailey,jaysmith@example.org,West Daniel,Cambodia,2022-11-28
477,Catherine,Smith,rperez@example.net,Lake Danielfurt,Vanuatu,2023-08-21
478,Keith,Gonzales,mistyreynolds@example.net,Angelaton,Anguilla,2024-09-07
479,Erica,Jimenez,robertsbrandon@example.net,Lake Todd,Palau,2022-05-05
480,Kristina,Wright,stephen44@example.org,Kingborough,Rwanda,2023-11-15
481,Paul,Whitney,barbaracraig@example.org,Port Julie,Bolivia,2023-04-15
482,Peter,King,hannahwhite@example.org,West Jessica,Lithuania,2021-08-10
483,Gordon,Rogers,karen15@example.net,South Crystalfurt,Rwanda,2022-07-03
484,Joseph,Nelson,whitneysellers@example.net,New Cory,Vanuatu,2022-09-18
485,Matthew,Gonzalez,stokesandrea@example.net,North Shannon,Belize,2021-08-30
486,Renee,Mullins,fryan@example.org,Flemingport,Nicaragua,2025-12-18
487,Julia,Brooks,jaredtran@example.org,Matthewshire,Poland,2026-01-17
488,Karen,Pruitt,anthonytaylor@example.org,Wardshire,French Guiana,2023-07-18
489,Austin,Wilson,sheltonjordan@example.net,Penaburgh,Puerto Rico,2023-03-08
490,Shelley,Jones,chambersjason@example.net,West Anthonytown,Bolivia,2024-06-17
491,Steven,Mcdonald,corylittle@example.net,Williamfurt,Togo,2026-04-07
492,Karen,Hansen,laura12@example.org,Tinaport,New Zealand,2022-08-21
493,Karen,Pham,theresa33@example.com,Jasonfurt,Tanzania,2022-02-24
494,Edward,Bishop,breanna34@example.net,North Jessicaburgh,Mauritania,2024-07-03
495,Christopher,Garcia,shannonchandler@example.com,Meghanton,Barbados,2023-10-07
496,Timothy,Stephens,kevindixon@example.org,East Kellyton,Seychelles,2025-11-04
497,Deborah,Farrell,zbates@example.org,Port Corey,Central African Republic,2021-10-18
498,Patricia,Warner,emiller@example.com,Sandersfurt,Australia,2026-03-05
499,Catherine,Flowers,uwells@example.org,Nortonmouth,Turks and Caicos Islands,2023-12-10
500,Alexandra,Black,johnmccormick@example.net,Port Andrewborough,Turkmenistan,2025-05-06
